{
    "$schema": "https://schema.management.azure.com/schemas/2015-01-01/deploymentTemplate.json#",
    "contentVersion": "1.0.0.0",
    "parameters": {
        "azureFirewalls_azfw_nwl_firewall1_name": {
            "defaultValue": "azfw-nwl-firewall1",
            "type": "String"
        },
        "publicIPAddresses_azfw_nwl_publicip1_externalid": {
            "defaultValue": "/subscriptions/3a4026dd-a251-4319-b27d-1393a0f38291/resourceGroups/azfw-nwl-prd-rg/providers/Microsoft.Network/publicIPAddresses/azfw-nwl-publicip1",
            "type": "String"
        },
        "virtualNetworks_dmz_nwl_vnet_externalid": {
            "defaultValue": "/subscriptions/3a4026dd-a251-4319-b27d-1393a0f38291/resourceGroups/azfw-nwl-prd-rg/providers/Microsoft.Network/virtualNetworks/dmz-nwl-vnet",
            "type": "String"
        }
    },
    "variables": {},
    "resources": [
        {
            "type": "Microsoft.Network/azureFirewalls",
            "apiVersion": "2019-09-01",
            "name": "[parameters('azureFirewalls_azfw_nwl_firewall1_name')]",
            "location": "southcentralus",
            "properties": {
                "sku": {
                    "name": "AZFW_VNet",
                    "tier": "Standard"
                },
                "threatIntelMode": "Alert",
                "additionalProperties": {},
                "ipConfigurations": [
                    {
                        "name": "IpConf0",
                        "properties": {
                            "publicIPAddress": {
                                "id": "[parameters('publicIPAddresses_azfw_nwl_publicip1_externalid')]"
                            },
                            "subnet": {
                                "id": "[concat(parameters('virtualNetworks_dmz_nwl_vnet_externalid'), '/subnets/AzureFirewallSubnet')]"
                            }
                        }
                    }
                ],
                "networkRuleCollections": [
                    {
                        "name": "netRc1",
                        "properties": {
                            "priority": 200,
                            "action": {
                                "type": "Allow"
                            },
                            "rules": [
                                {
                                    "name": "netRule1",
                                    "protocols": [
                                        "TCP"
                                    ],
                                    "sourceAddresses": [
                                        "10.223.2.0/24"
                                    ],
                                    "destinationAddresses": [
                                        "*"
                                    ],
                                    "sourceIpGroups": [],
                                    "destinationIpGroups": [],
                                    "destinationFqdns": [],
                                    "destinationPorts": [
                                        "80",
                                        "443"
                                    ]
                                }
                            ]
                        }
                    }
                ],
                "applicationRuleCollections": [
                    {
                        "name": "appRc1",
                        "properties": {
                            "priority": 101,
                            "action": {
                                "type": "Allow"
                            },
                            "rules": [
                                {
                                    "name": "appRule1",
                                    "protocols": [
                                        {
                                            "protocolType": "Http",
                                            "port": 80
                                        },
                                        {
                                            "protocolType": "Https",
                                            "port": 443
                                        }
                                    ],
                                    "fqdnTags": [],
                                    "targetFqdns": [
                                        "www.microsoft.com"
                                    ],
                                    "sourceAddresses": [
                                        "10.223.2.0/24"
                                    ],
                                    "sourceIpGroups": []
                                }
                            ]
                        }
                    }
                ],
                "natRuleCollections": []
            }
        }
    ]
}