{
    "$schema": "https://schema.management.azure.com/schemas/2015-01-01/deploymentTemplate.json#",
    "contentVersion": "1.0.0.0",
    "parameters": {
        "expressRouteCircuits_NWL_USSC_ExpressRouteCircuit_name": {
            "defaultValue": "NWL-USSC-ExpressRouteCircuit",
            "type": "String"
        }
    },
    "variables": {},
    "resources": [
        {
            "type": "Microsoft.Network/expressRouteCircuits",
            "apiVersion": "2019-09-01",
            "name": "[parameters('expressRouteCircuits_NWL_USSC_ExpressRouteCircuit_name')]",
            "location": "southcentralus",
            "sku": {
                "name": "Standard_MeteredData",
                "tier": "Premium",
                "family": "MeteredData"
            },
            "properties": {
                "peerings": [
                    {
                        "name": "AzurePrivatePeering",
                        "properties": {
                            "peeringType": "AzurePrivatePeering",
                            "peerASN": 64513,
                            "primaryPeerAddressPrefix": "10.210.0.0/30",
                            "secondaryPeerAddressPrefix": "10.210.0.4/30",
                            "state": "Enabled",
                            "vlanId": 211,
                            "microsoftPeeringConfig": {
                                "advertisedPublicPrefixes": [],
                                "advertisedCommunities": [],
                                "customerASN": 0,
                                "legacyMode": 0,
                                "routingRegistryName": "NONE"
                            }
                        }
                    }
                ],
                "authorizations": [
                    {
                        "name": "NWL-ExR-Authorization1",
                        "properties": {}
                    }
                ],
                "serviceProviderProperties": {
                    "serviceProviderName": "Equinix",
                    "peeringLocation": "Dallas",
                    "bandwidthInMbps": 100
                },
                "allowClassicOperations": false
            }
        },
        {
            "type": "Microsoft.Network/expressRouteCircuits/authorizations",
            "apiVersion": "2019-09-01",
            "name": "[concat(parameters('expressRouteCircuits_NWL_USSC_ExpressRouteCircuit_name'), '/NWL-ExR-Authorization1')]",
            "dependsOn": [
                "[resourceId('Microsoft.Network/expressRouteCircuits', parameters('expressRouteCircuits_NWL_USSC_ExpressRouteCircuit_name'))]"
            ],
            "properties": {}
        },
        {
            "type": "Microsoft.Network/expressRouteCircuits/peerings",
            "apiVersion": "2019-09-01",
            "name": "[concat(parameters('expressRouteCircuits_NWL_USSC_ExpressRouteCircuit_name'), '/AzurePrivatePeering')]",
            "dependsOn": [
                "[resourceId('Microsoft.Network/expressRouteCircuits', parameters('expressRouteCircuits_NWL_USSC_ExpressRouteCircuit_name'))]"
            ],
            "properties": {
                "peeringType": "AzurePrivatePeering",
                "peerASN": 64513,
                "primaryPeerAddressPrefix": "10.210.0.0/30",
                "secondaryPeerAddressPrefix": "10.210.0.4/30",
                "state": "Enabled",
                "vlanId": 211,
                "microsoftPeeringConfig": {
                    "advertisedPublicPrefixes": [],
                    "advertisedCommunities": [],
                    "customerASN": 0,
                    "legacyMode": 0,
                    "routingRegistryName": "NONE"
                }
            }
        }
    ]
}