{
    "$schema": "https://schema.management.azure.com/schemas/2015-01-01/deploymentTemplate.json#",
    "contentVersion": "1.0.0.0",
    "parameters": {
        "virtualNetworks_dmz_nwl_vnet_name": {
            "defaultValue": "dmz-nwl-vnet",
            "type": "String"
        },
        "routeTables_azfw_nwl_routetable_externalid": {
            "defaultValue": "/subscriptions/3a4026dd-a251-4319-b27d-1393a0f38291/resourceGroups/azfw-nwl-prd-rg/providers/Microsoft.Network/routeTables/azfw-nwl-routetable",
            "type": "String"
        },
        "virtualNetworks_HV_NWL_AZWan_Hub_a8b3ed33_7ad5_4ea8_aa97_078ac04dca82_externalid": {
            "defaultValue": "/subscriptions/e94764bb-2ae1-46a2-badb-8545a8aa9291/resourceGroups/RG_NWL_AZWan_Hub_7eba579e-7a08-4a75-98ed-793d5dbea280/providers/Microsoft.Network/virtualNetworks/HV_NWL_AZWan_Hub_a8b3ed33-7ad5-4ea8-aa97-078ac04dca82",
            "type": "String"
        }
    },
    "variables": {},
    "resources": [
        {
            "type": "Microsoft.Network/virtualNetworks",
            "apiVersion": "2019-09-01",
            "name": "[parameters('virtualNetworks_dmz_nwl_vnet_name')]",
            "location": "southcentralus",
            "tags": {
                "displayName": "dmz-nwl-vnet"
            },
            "properties": {
                "addressSpace": {
                    "addressPrefixes": [
                        "10.223.0.0/16"
                    ]
                },
                "subnets": [
                    {
                        "name": "azfw-nwl-jumpboxsubnet",
                        "properties": {
                            "addressPrefix": "10.223.0.0/24",
                            "delegations": [],
                            "privateEndpointNetworkPolicies": "Enabled",
                            "privateLinkServiceNetworkPolicies": "Enabled"
                        }
                    },
                    {
                        "name": "AzureFirewallSubnet",
                        "properties": {
                            "addressPrefix": "10.223.1.0/24",
                            "delegations": [],
                            "privateEndpointNetworkPolicies": "Enabled",
                            "privateLinkServiceNetworkPolicies": "Enabled"
                        }
                    },
                    {
                        "name": "azfw-nwl-serverssubnet",
                        "properties": {
                            "addressPrefix": "10.223.2.0/24",
                            "routeTable": {
                                "id": "[parameters('routeTables_azfw_nwl_routetable_externalid')]"
                            },
                            "delegations": [],
                            "privateEndpointNetworkPolicies": "Enabled",
                            "privateLinkServiceNetworkPolicies": "Enabled"
                        }
                    }
                ],
                "virtualNetworkPeerings": [
                    {
                        "name": "RemoteVnetToHubPeering_ebcccb7b-7557-4630-9386-60bd7d58bb3a",
                        "properties": {
                            "peeringState": "Connected",
                            "remoteVirtualNetwork": {
                                "id": "[parameters('virtualNetworks_HV_NWL_AZWan_Hub_a8b3ed33_7ad5_4ea8_aa97_078ac04dca82_externalid')]"
                            },
                            "allowVirtualNetworkAccess": true,
                            "allowForwardedTraffic": false,
                            "allowGatewayTransit": false,
                            "useRemoteGateways": true,
                            "remoteAddressSpace": {
                                "addressPrefixes": [
                                    "10.213.0.0/16"
                                ]
                            }
                        }
                    }
                ],
                "enableDdosProtection": false,
                "enableVmProtection": false
            }
        },
        {
            "type": "Microsoft.Network/virtualNetworks/subnets",
            "apiVersion": "2019-09-01",
            "name": "[concat(parameters('virtualNetworks_dmz_nwl_vnet_name'), '/azfw-nwl-jumpboxsubnet')]",
            "dependsOn": [
                "[resourceId('Microsoft.Network/virtualNetworks', parameters('virtualNetworks_dmz_nwl_vnet_name'))]"
            ],
            "properties": {
                "addressPrefix": "10.223.0.0/24",
                "delegations": [],
                "privateEndpointNetworkPolicies": "Enabled",
                "privateLinkServiceNetworkPolicies": "Enabled"
            }
        },
        {
            "type": "Microsoft.Network/virtualNetworks/subnets",
            "apiVersion": "2019-09-01",
            "name": "[concat(parameters('virtualNetworks_dmz_nwl_vnet_name'), '/azfw-nwl-serverssubnet')]",
            "dependsOn": [
                "[resourceId('Microsoft.Network/virtualNetworks', parameters('virtualNetworks_dmz_nwl_vnet_name'))]"
            ],
            "properties": {
                "addressPrefix": "10.223.2.0/24",
                "routeTable": {
                    "id": "[parameters('routeTables_azfw_nwl_routetable_externalid')]"
                },
                "delegations": [],
                "privateEndpointNetworkPolicies": "Enabled",
                "privateLinkServiceNetworkPolicies": "Enabled"
            }
        },
        {
            "type": "Microsoft.Network/virtualNetworks/subnets",
            "apiVersion": "2019-09-01",
            "name": "[concat(parameters('virtualNetworks_dmz_nwl_vnet_name'), '/AzureFirewallSubnet')]",
            "dependsOn": [
                "[resourceId('Microsoft.Network/virtualNetworks', parameters('virtualNetworks_dmz_nwl_vnet_name'))]"
            ],
            "properties": {
                "addressPrefix": "10.223.1.0/24",
                "delegations": [],
                "privateEndpointNetworkPolicies": "Enabled",
                "privateLinkServiceNetworkPolicies": "Enabled"
            }
        },
        {
            "type": "Microsoft.Network/virtualNetworks/virtualNetworkPeerings",
            "apiVersion": "2019-09-01",
            "name": "[concat(parameters('virtualNetworks_dmz_nwl_vnet_name'), '/RemoteVnetToHubPeering_ebcccb7b-7557-4630-9386-60bd7d58bb3a')]",
            "dependsOn": [
                "[resourceId('Microsoft.Network/virtualNetworks', parameters('virtualNetworks_dmz_nwl_vnet_name'))]"
            ],
            "properties": {
                "peeringState": "Connected",
                "remoteVirtualNetwork": {
                    "id": "[parameters('virtualNetworks_HV_NWL_AZWan_Hub_a8b3ed33_7ad5_4ea8_aa97_078ac04dca82_externalid')]"
                },
                "allowVirtualNetworkAccess": true,
                "allowForwardedTraffic": false,
                "allowGatewayTransit": false,
                "useRemoteGateways": true,
                "remoteAddressSpace": {
                    "addressPrefixes": [
                        "10.213.0.0/16"
                    ]
                }
            }
        }
    ]
}