{
    "$schema": "https://schema.management.azure.com/schemas/2015-01-01/deploymentParameters.json#",
    "contentVersion": "1.0.0.0",
    "parameters": {
        "virtualNetworks_Development_VNet_name": {
            "value": null
        },
        "networkSecurityGroups_nwl_dev_ods_nsg_externalid": {
            "value": null
        },
        "routeTables_rt_nwl_ods_dev01_externalid": {
            "value": null
        },
        "virtualNetworks_HV_NWL_AZWan_Hub_a8b3ed33_7ad5_4ea8_aa97_078ac04dca82_externalid": {
            "value": null
        }
    }
}