{
    "$schema": "https://schema.management.azure.com/schemas/2015-01-01/deploymentTemplate.json#",
    "contentVersion": "1.0.0.0",
    "parameters": {
        "virtualNetworks_Development_VNet_name": {
            "defaultValue": "Development_VNet",
            "type": "String"
        },
        "networkSecurityGroups_nwl_dev_ods_nsg_externalid": {
            "defaultValue": "/subscriptions/5f3b37db-3a60-4542-98a2-974e1c7b3f9d/resourceGroups/NWL-Dev-Net-RG/providers/Microsoft.Network/networkSecurityGroups/nwl_dev_ods_nsg",
            "type": "String"
        },
        "routeTables_rt_nwl_ods_dev01_externalid": {
            "defaultValue": "/subscriptions/5f3b37db-3a60-4542-98a2-974e1c7b3f9d/resourceGroups/nwl-dev-azuremigration/providers/Microsoft.Network/routeTables/rt-nwl-ods-dev01",
            "type": "String"
        },
        "virtualNetworks_HV_NWL_AZWan_Hub_a8b3ed33_7ad5_4ea8_aa97_078ac04dca82_externalid": {
            "defaultValue": "/subscriptions/e94764bb-2ae1-46a2-badb-8545a8aa9291/resourceGroups/RG_NWL_AZWan_Hub_7eba579e-7a08-4a75-98ed-793d5dbea280/providers/Microsoft.Network/virtualNetworks/HV_NWL_AZWan_Hub_a8b3ed33-7ad5-4ea8-aa97-078ac04dca82",
            "type": "String"
        }
    },
    "variables": {},
    "resources": [
        {
            "type": "Microsoft.Network/virtualNetworks",
            "apiVersion": "2019-09-01",
            "name": "[parameters('virtualNetworks_Development_VNet_name')]",
            "location": "southcentralus",
            "properties": {
                "addressSpace": {
                    "addressPrefixes": [
                        "10.222.0.0/16"
                    ]
                },
                "dhcpOptions": {
                    "dnsServers": [
                        "10.211.4.7"
                    ]
                },
                "subnets": [
                    {
                        "name": "Applications",
                        "properties": {
                            "addressPrefix": "10.222.3.0/24",
                            "serviceEndpoints": [
                                {
                                    "service": "Microsoft.Storage",
                                    "locations": [
                                        "southcentralus",
                                        "northcentralus",
                                        "brazilsouth"
                                    ]
                                }
                            ],
                            "delegations": [],
                            "privateEndpointNetworkPolicies": "Enabled",
                            "privateLinkServiceNetworkPolicies": "Enabled"
                        }
                    },
                    {
                        "name": "[concat(parameters('virtualNetworks_Development_VNet_name'), '_Mgmt')]",
                        "properties": {
                            "addressPrefix": "10.222.10.0/24",
                            "serviceEndpoints": [],
                            "delegations": [],
                            "privateEndpointNetworkPolicies": "Enabled",
                            "privateLinkServiceNetworkPolicies": "Enabled"
                        }
                    },
                    {
                        "name": "NWL_Dev_ODS",
                        "properties": {
                            "addressPrefix": "10.222.20.0/24",
                            "networkSecurityGroup": {
                                "id": "[parameters('networkSecurityGroups_nwl_dev_ods_nsg_externalid')]"
                            },
                            "routeTable": {
                                "id": "[parameters('routeTables_rt_nwl_ods_dev01_externalid')]"
                            },
                            "serviceEndpoints": [],
                            "delegations": [
                                {
                                    "name": "89c299ded13048e1ad79b130bb9b7225",
                                    "properties": {
                                        "serviceName": "Microsoft.Sql/managedInstances"
                                    }
                                }
                            ],
                            "privateEndpointNetworkPolicies": "Enabled",
                            "privateLinkServiceNetworkPolicies": "Enabled"
                        }
                    },
                    {
                        "name": "NWL_Dev_ODSIntegration",
                        "properties": {
                            "addressPrefix": "10.222.21.0/24",
                            "serviceEndpoints": [],
                            "delegations": [
                                {
                                    "name": "0f2347eb20e84e15b8a0dfd214cecedd",
                                    "properties": {
                                        "serviceName": "Microsoft.Web/serverFarms"
                                    }
                                }
                            ],
                            "privateEndpointNetworkPolicies": "Enabled",
                            "privateLinkServiceNetworkPolicies": "Enabled"
                        }
                    },
                    {
                        "name": "vnet-nwl-dev-dtcc",
                        "properties": {
                            "addressPrefix": "10.222.40.0/24",
                            "serviceEndpoints": [],
                            "delegations": [
                                {
                                    "name": "Microsoft.ContainerInstance/containerGroups",
                                    "properties": {
                                        "serviceName": "Microsoft.ContainerInstance/containerGroups"
                                    }
                                }
                            ],
                            "privateEndpointNetworkPolicies": "Enabled",
                            "privateLinkServiceNetworkPolicies": "Enabled"
                        }
                    },
                    {
                        "name": "NWL_Dev_VM",
                        "properties": {
                            "addressPrefix": "10.222.22.0/24",
                            "serviceEndpoints": [],
                            "delegations": [],
                            "privateEndpointNetworkPolicies": "Enabled",
                            "privateLinkServiceNetworkPolicies": "Enabled"
                        }
                    },
                    {
                        "name": "nwl-dev-snet-OipaInt-asp",
                        "properties": {
                            "addressPrefix": "10.222.50.0/24",
                            "serviceEndpoints": [],
                            "delegations": [
                                {
                                    "name": "delegation",
                                    "properties": {
                                        "serviceName": "Microsoft.Web/serverfarms"
                                    }
                                }
                            ],
                            "privateEndpointNetworkPolicies": "Enabled",
                            "privateLinkServiceNetworkPolicies": "Enabled"
                        }
                    },
                    {
                        "name": "nwl-dev-snet-dtccWcf-asp",
                        "properties": {
                            "addressPrefix": "10.222.55.0/24",
                            "delegations": [
                                {
                                    "name": "delegation",
                                    "properties": {
                                        "serviceName": "Microsoft.Web/serverfarms"
                                    }
                                }
                            ],
                            "privateEndpointNetworkPolicies": "Enabled",
                            "privateLinkServiceNetworkPolicies": "Enabled"
                        }
                    }
                ],
                "virtualNetworkPeerings": [
                    {
                        "name": "RemoteVnetToHubPeering_40e1e576-fd70-4dc2-ab1e-f19f55e6a015",
                        "properties": {
                            "peeringState": "Connected",
                            "remoteVirtualNetwork": {
                                "id": "[parameters('virtualNetworks_HV_NWL_AZWan_Hub_a8b3ed33_7ad5_4ea8_aa97_078ac04dca82_externalid')]"
                            },
                            "allowVirtualNetworkAccess": true,
                            "allowForwardedTraffic": false,
                            "allowGatewayTransit": false,
                            "useRemoteGateways": true,
                            "remoteAddressSpace": {
                                "addressPrefixes": [
                                    "10.213.0.0/16"
                                ]
                            }
                        }
                    }
                ],
                "enableDdosProtection": false,
                "enableVmProtection": false
            }
        },
        {
            "type": "Microsoft.Network/virtualNetworks/subnets",
            "apiVersion": "2019-09-01",
            "name": "[concat(parameters('virtualNetworks_Development_VNet_name'), '/Applications')]",
            "dependsOn": [
                "[resourceId('Microsoft.Network/virtualNetworks', parameters('virtualNetworks_Development_VNet_name'))]"
            ],
            "properties": {
                "addressPrefix": "10.222.3.0/24",
                "serviceEndpoints": [
                    {
                        "service": "Microsoft.Storage",
                        "locations": [
                            "southcentralus",
                            "northcentralus",
                            "brazilsouth"
                        ]
                    }
                ],
                "delegations": [],
                "privateEndpointNetworkPolicies": "Enabled",
                "privateLinkServiceNetworkPolicies": "Enabled"
            }
        },
        {
            "type": "Microsoft.Network/virtualNetworks/subnets",
            "apiVersion": "2019-09-01",
            "name": "[concat(parameters('virtualNetworks_Development_VNet_name'), '/', parameters('virtualNetworks_Development_VNet_name'), '_Mgmt')]",
            "dependsOn": [
                "[resourceId('Microsoft.Network/virtualNetworks', parameters('virtualNetworks_Development_VNet_name'))]"
            ],
            "properties": {
                "addressPrefix": "10.222.10.0/24",
                "serviceEndpoints": [],
                "delegations": [],
                "privateEndpointNetworkPolicies": "Enabled",
                "privateLinkServiceNetworkPolicies": "Enabled"
            }
        },
        {
            "type": "Microsoft.Network/virtualNetworks/subnets",
            "apiVersion": "2019-09-01",
            "name": "[concat(parameters('virtualNetworks_Development_VNet_name'), '/NWL_Dev_ODS')]",
            "dependsOn": [
                "[resourceId('Microsoft.Network/virtualNetworks', parameters('virtualNetworks_Development_VNet_name'))]"
            ],
            "properties": {
                "addressPrefix": "10.222.20.0/24",
                "networkSecurityGroup": {
                    "id": "[parameters('networkSecurityGroups_nwl_dev_ods_nsg_externalid')]"
                },
                "routeTable": {
                    "id": "[parameters('routeTables_rt_nwl_ods_dev01_externalid')]"
                },
                "serviceEndpoints": [],
                "delegations": [
                    {
                        "name": "89c299ded13048e1ad79b130bb9b7225",
                        "properties": {
                            "serviceName": "Microsoft.Sql/managedInstances"
                        }
                    }
                ],
                "privateEndpointNetworkPolicies": "Enabled",
                "privateLinkServiceNetworkPolicies": "Enabled"
            }
        },
        {
            "type": "Microsoft.Network/virtualNetworks/subnets",
            "apiVersion": "2019-09-01",
            "name": "[concat(parameters('virtualNetworks_Development_VNet_name'), '/NWL_Dev_ODSIntegration')]",
            "dependsOn": [
                "[resourceId('Microsoft.Network/virtualNetworks', parameters('virtualNetworks_Development_VNet_name'))]"
            ],
            "properties": {
                "addressPrefix": "10.222.21.0/24",
                "serviceEndpoints": [],
                "delegations": [
                    {
                        "name": "0f2347eb20e84e15b8a0dfd214cecedd",
                        "properties": {
                            "serviceName": "Microsoft.Web/serverFarms"
                        }
                    }
                ],
                "privateEndpointNetworkPolicies": "Enabled",
                "privateLinkServiceNetworkPolicies": "Enabled"
            }
        },
        {
            "type": "Microsoft.Network/virtualNetworks/subnets",
            "apiVersion": "2019-09-01",
            "name": "[concat(parameters('virtualNetworks_Development_VNet_name'), '/NWL_Dev_VM')]",
            "dependsOn": [
                "[resourceId('Microsoft.Network/virtualNetworks', parameters('virtualNetworks_Development_VNet_name'))]"
            ],
            "properties": {
                "addressPrefix": "10.222.22.0/24",
                "serviceEndpoints": [],
                "delegations": [],
                "privateEndpointNetworkPolicies": "Enabled",
                "privateLinkServiceNetworkPolicies": "Enabled"
            }
        },
        {
            "type": "Microsoft.Network/virtualNetworks/subnets",
            "apiVersion": "2019-09-01",
            "name": "[concat(parameters('virtualNetworks_Development_VNet_name'), '/nwl-dev-snet-dtccWcf-asp')]",
            "dependsOn": [
                "[resourceId('Microsoft.Network/virtualNetworks', parameters('virtualNetworks_Development_VNet_name'))]"
            ],
            "properties": {
                "addressPrefix": "10.222.55.0/24",
                "delegations": [
                    {
                        "name": "delegation",
                        "properties": {
                            "serviceName": "Microsoft.Web/serverfarms"
                        }
                    }
                ],
                "privateEndpointNetworkPolicies": "Enabled",
                "privateLinkServiceNetworkPolicies": "Enabled"
            }
        },
        {
            "type": "Microsoft.Network/virtualNetworks/subnets",
            "apiVersion": "2019-09-01",
            "name": "[concat(parameters('virtualNetworks_Development_VNet_name'), '/nwl-dev-snet-OipaInt-asp')]",
            "dependsOn": [
                "[resourceId('Microsoft.Network/virtualNetworks', parameters('virtualNetworks_Development_VNet_name'))]"
            ],
            "properties": {
                "addressPrefix": "10.222.50.0/24",
                "serviceEndpoints": [],
                "delegations": [
                    {
                        "name": "delegation",
                        "properties": {
                            "serviceName": "Microsoft.Web/serverfarms"
                        }
                    }
                ],
                "privateEndpointNetworkPolicies": "Enabled",
                "privateLinkServiceNetworkPolicies": "Enabled"
            }
        },
        {
            "type": "Microsoft.Network/virtualNetworks/subnets",
            "apiVersion": "2019-09-01",
            "name": "[concat(parameters('virtualNetworks_Development_VNet_name'), '/vnet-nwl-dev-dtcc')]",
            "dependsOn": [
                "[resourceId('Microsoft.Network/virtualNetworks', parameters('virtualNetworks_Development_VNet_name'))]"
            ],
            "properties": {
                "addressPrefix": "10.222.40.0/24",
                "serviceEndpoints": [],
                "delegations": [
                    {
                        "name": "Microsoft.ContainerInstance/containerGroups",
                        "properties": {
                            "serviceName": "Microsoft.ContainerInstance/containerGroups"
                        }
                    }
                ],
                "privateEndpointNetworkPolicies": "Enabled",
                "privateLinkServiceNetworkPolicies": "Enabled"
            }
        },
        {
            "type": "Microsoft.Network/virtualNetworks/virtualNetworkPeerings",
            "apiVersion": "2019-09-01",
            "name": "[concat(parameters('virtualNetworks_Development_VNet_name'), '/RemoteVnetToHubPeering_40e1e576-fd70-4dc2-ab1e-f19f55e6a015')]",
            "dependsOn": [
                "[resourceId('Microsoft.Network/virtualNetworks', parameters('virtualNetworks_Development_VNet_name'))]"
            ],
            "properties": {
                "peeringState": "Connected",
                "remoteVirtualNetwork": {
                    "id": "[parameters('virtualNetworks_HV_NWL_AZWan_Hub_a8b3ed33_7ad5_4ea8_aa97_078ac04dca82_externalid')]"
                },
                "allowVirtualNetworkAccess": true,
                "allowForwardedTraffic": false,
                "allowGatewayTransit": false,
                "useRemoteGateways": true,
                "remoteAddressSpace": {
                    "addressPrefixes": [
                        "10.213.0.0/16"
                    ]
                }
            }
        }
    ]
}