{
    "$schema": "https://schema.management.azure.com/schemas/2015-01-01/deploymentParameters.json#",
    "contentVersion": "1.0.0.0",
    "parameters": {
        "virtualNetworks_Production_VNet_name": {
            "value": null
        },
        "networkSecurityGroups_NWL_NSG_Prod_Applications_externalid": {
            "value": null
        },
        "routeTables_NWL_RT_01_externalid": {
            "value": null
        },
        "networkSecurityGroups_NWL_NSG_Prod_Databases_externalid": {
            "value": null
        },
        "networkSecurityGroups_NWL_NSG_ProdDMZ_externalid": {
            "value": null
        },
        "virtualNetworks_HV_NWL_AZWan_Hub_a8b3ed33_7ad5_4ea8_aa97_078ac04dca82_externalid": {
            "value": null
        }
    }
}