{
    "$schema": "https://schema.management.azure.com/schemas/2015-01-01/deploymentTemplate.json#",
    "contentVersion": "1.0.0.0",
    "parameters": {
        "virtualNetworks_Production_VNet_name": {
            "defaultValue": "Production_VNet",
            "type": "String"
        },
        "networkSecurityGroups_NWL_NSG_Prod_Applications_externalid": {
            "defaultValue": "/subscriptions/3a4026dd-a251-4319-b27d-1393a0f38291/resourceGroups/NWL-RG-Security/providers/Microsoft.Network/networkSecurityGroups/NWL-NSG-Prod-Applications",
            "type": "String"
        },
        "routeTables_NWL_RT_01_externalid": {
            "defaultValue": "/subscriptions/3a4026dd-a251-4319-b27d-1393a0f38291/resourceGroups/NWL-RG-InfrastructureServices/providers/Microsoft.Network/routeTables/NWL_RT-01",
            "type": "String"
        },
        "networkSecurityGroups_NWL_NSG_Prod_Databases_externalid": {
            "defaultValue": "/subscriptions/3a4026dd-a251-4319-b27d-1393a0f38291/resourceGroups/NWL-RG-Security/providers/Microsoft.Network/networkSecurityGroups/NWL-NSG-Prod-Databases",
            "type": "String"
        },
        "networkSecurityGroups_NWL_NSG_ProdDMZ_externalid": {
            "defaultValue": "/subscriptions/3a4026dd-a251-4319-b27d-1393a0f38291/resourceGroups/NWL-RG-Security/providers/Microsoft.Network/networkSecurityGroups/NWL-NSG-ProdDMZ",
            "type": "String"
        },
        "virtualNetworks_HV_NWL_AZWan_Hub_a8b3ed33_7ad5_4ea8_aa97_078ac04dca82_externalid": {
            "defaultValue": "/subscriptions/e94764bb-2ae1-46a2-badb-8545a8aa9291/resourceGroups/RG_NWL_AZWan_Hub_7eba579e-7a08-4a75-98ed-793d5dbea280/providers/Microsoft.Network/virtualNetworks/HV_NWL_AZWan_Hub_a8b3ed33-7ad5-4ea8-aa97-078ac04dca82",
            "type": "String"
        }
    },
    "variables": {},
    "resources": [
        {
            "type": "Microsoft.Network/virtualNetworks",
            "apiVersion": "2019-09-01",
            "name": "[parameters('virtualNetworks_Production_VNet_name')]",
            "location": "southcentralus",
            "properties": {
                "addressSpace": {
                    "addressPrefixes": [
                        "10.212.0.0/16"
                    ]
                },
                "dhcpOptions": {
                    "dnsServers": [
                        "10.211.4.7",
                        "10.211.4.8",
                        "172.16.10.125",
                        "172.16.10.126"
                    ]
                },
                "subnets": [
                    {
                        "name": "Applications",
                        "properties": {
                            "addressPrefix": "10.212.3.0/24",
                            "networkSecurityGroup": {
                                "id": "[parameters('networkSecurityGroups_NWL_NSG_Prod_Applications_externalid')]"
                            },
                            "routeTable": {
                                "id": "[parameters('routeTables_NWL_RT_01_externalid')]"
                            },
                            "serviceEndpoints": [],
                            "delegations": [],
                            "privateEndpointNetworkPolicies": "Enabled",
                            "privateLinkServiceNetworkPolicies": "Enabled"
                        }
                    },
                    {
                        "name": "Databases",
                        "properties": {
                            "addressPrefix": "10.212.4.0/24",
                            "networkSecurityGroup": {
                                "id": "[parameters('networkSecurityGroups_NWL_NSG_Prod_Databases_externalid')]"
                            },
                            "routeTable": {
                                "id": "[parameters('routeTables_NWL_RT_01_externalid')]"
                            },
                            "serviceEndpoints": [],
                            "delegations": [],
                            "privateEndpointNetworkPolicies": "Enabled",
                            "privateLinkServiceNetworkPolicies": "Enabled"
                        }
                    },
                    {
                        "name": "ProdDMZ",
                        "properties": {
                            "addressPrefix": "10.212.2.0/24",
                            "networkSecurityGroup": {
                                "id": "[parameters('networkSecurityGroups_NWL_NSG_ProdDMZ_externalid')]"
                            },
                            "routeTable": {
                                "id": "[parameters('routeTables_NWL_RT_01_externalid')]"
                            },
                            "serviceEndpoints": [],
                            "delegations": [],
                            "privateEndpointNetworkPolicies": "Enabled",
                            "privateLinkServiceNetworkPolicies": "Enabled"
                        }
                    },
                    {
                        "name": "Management",
                        "properties": {
                            "addressPrefix": "10.212.1.0/24",
                            "serviceEndpoints": [],
                            "delegations": [],
                            "privateEndpointNetworkPolicies": "Enabled",
                            "privateLinkServiceNetworkPolicies": "Enabled"
                        }
                    }
                ],
                "virtualNetworkPeerings": [
                    {
                        "name": "RemoteVnetToHubPeering_b4030367-514d-499e-9fdd-f94ec0198c2a",
                        "properties": {
                            "peeringState": "Connected",
                            "remoteVirtualNetwork": {
                                "id": "[parameters('virtualNetworks_HV_NWL_AZWan_Hub_a8b3ed33_7ad5_4ea8_aa97_078ac04dca82_externalid')]"
                            },
                            "allowVirtualNetworkAccess": true,
                            "allowForwardedTraffic": false,
                            "allowGatewayTransit": false,
                            "useRemoteGateways": true,
                            "remoteAddressSpace": {
                                "addressPrefixes": [
                                    "10.213.0.0/16"
                                ]
                            }
                        }
                    }
                ],
                "enableDdosProtection": false,
                "enableVmProtection": false
            }
        },
        {
            "type": "Microsoft.Network/virtualNetworks/subnets",
            "apiVersion": "2019-09-01",
            "name": "[concat(parameters('virtualNetworks_Production_VNet_name'), '/Applications')]",
            "dependsOn": [
                "[resourceId('Microsoft.Network/virtualNetworks', parameters('virtualNetworks_Production_VNet_name'))]"
            ],
            "properties": {
                "addressPrefix": "10.212.3.0/24",
                "networkSecurityGroup": {
                    "id": "[parameters('networkSecurityGroups_NWL_NSG_Prod_Applications_externalid')]"
                },
                "routeTable": {
                    "id": "[parameters('routeTables_NWL_RT_01_externalid')]"
                },
                "serviceEndpoints": [],
                "delegations": [],
                "privateEndpointNetworkPolicies": "Enabled",
                "privateLinkServiceNetworkPolicies": "Enabled"
            }
        },
        {
            "type": "Microsoft.Network/virtualNetworks/subnets",
            "apiVersion": "2019-09-01",
            "name": "[concat(parameters('virtualNetworks_Production_VNet_name'), '/Databases')]",
            "dependsOn": [
                "[resourceId('Microsoft.Network/virtualNetworks', parameters('virtualNetworks_Production_VNet_name'))]"
            ],
            "properties": {
                "addressPrefix": "10.212.4.0/24",
                "networkSecurityGroup": {
                    "id": "[parameters('networkSecurityGroups_NWL_NSG_Prod_Databases_externalid')]"
                },
                "routeTable": {
                    "id": "[parameters('routeTables_NWL_RT_01_externalid')]"
                },
                "serviceEndpoints": [],
                "delegations": [],
                "privateEndpointNetworkPolicies": "Enabled",
                "privateLinkServiceNetworkPolicies": "Enabled"
            }
        },
        {
            "type": "Microsoft.Network/virtualNetworks/subnets",
            "apiVersion": "2019-09-01",
            "name": "[concat(parameters('virtualNetworks_Production_VNet_name'), '/Management')]",
            "dependsOn": [
                "[resourceId('Microsoft.Network/virtualNetworks', parameters('virtualNetworks_Production_VNet_name'))]"
            ],
            "properties": {
                "addressPrefix": "10.212.1.0/24",
                "serviceEndpoints": [],
                "delegations": [],
                "privateEndpointNetworkPolicies": "Enabled",
                "privateLinkServiceNetworkPolicies": "Enabled"
            }
        },
        {
            "type": "Microsoft.Network/virtualNetworks/subnets",
            "apiVersion": "2019-09-01",
            "name": "[concat(parameters('virtualNetworks_Production_VNet_name'), '/ProdDMZ')]",
            "dependsOn": [
                "[resourceId('Microsoft.Network/virtualNetworks', parameters('virtualNetworks_Production_VNet_name'))]"
            ],
            "properties": {
                "addressPrefix": "10.212.2.0/24",
                "networkSecurityGroup": {
                    "id": "[parameters('networkSecurityGroups_NWL_NSG_ProdDMZ_externalid')]"
                },
                "routeTable": {
                    "id": "[parameters('routeTables_NWL_RT_01_externalid')]"
                },
                "serviceEndpoints": [],
                "delegations": [],
                "privateEndpointNetworkPolicies": "Enabled",
                "privateLinkServiceNetworkPolicies": "Enabled"
            }
        },
        {
            "type": "Microsoft.Network/virtualNetworks/virtualNetworkPeerings",
            "apiVersion": "2019-09-01",
            "name": "[concat(parameters('virtualNetworks_Production_VNet_name'), '/RemoteVnetToHubPeering_b4030367-514d-499e-9fdd-f94ec0198c2a')]",
            "dependsOn": [
                "[resourceId('Microsoft.Network/virtualNetworks', parameters('virtualNetworks_Production_VNet_name'))]"
            ],
            "properties": {
                "peeringState": "Connected",
                "remoteVirtualNetwork": {
                    "id": "[parameters('virtualNetworks_HV_NWL_AZWan_Hub_a8b3ed33_7ad5_4ea8_aa97_078ac04dca82_externalid')]"
                },
                "allowVirtualNetworkAccess": true,
                "allowForwardedTraffic": false,
                "allowGatewayTransit": false,
                "useRemoteGateways": true,
                "remoteAddressSpace": {
                    "addressPrefixes": [
                        "10.213.0.0/16"
                    ]
                }
            }
        }
    ]
}