{
    "$schema": "https://schema.management.azure.com/schemas/2015-01-01/deploymentParameters.json#",
    "contentVersion": "1.0.0.0",
    "parameters": {
        "extensions_Microsoft_Insights_VMDiagnosticsSettings_xmlCfg": {
            "value": null
        },
        "extensions_Microsoft_Insights_VMDiagnosticsSettings_storageAccountName": {
            "value": null
        },
        "extensions_Microsoft_Insights_VMDiagnosticsSettings_storageAccountKey": {
            "value": null
        },
        "extensions_Microsoft_Insights_VMDiagnosticsSettings_storageAccountEndPoint": {
            "value": null
        },
        "routeTables_NWL_RT_01_name": {
            "value": null
        },
        "publicIPAddresses_FWPIP_name": {
            "value": null
        },
        "virtualMachines_Jump_Srv_name": {
            "value": null
        },
        "virtualNetworks_Hub_VNet_name": {
            "value": null
        },
        "virtualHubs_NWL_AZWan_Hub_name": {
            "value": null
        },
        "virtualWans_NWL_VirtualWAN_name": {
            "value": null
        },
        "routeTables_NWL_HUB_VNet_RT_name": {
            "value": null
        },
        "virtualNetworks_NWL_Staging_name": {
            "value": null
        },
        "virtualMachines_azsc_prddc01_name": {
            "value": null
        },
        "virtualMachines_azsc_prddc02_name": {
            "value": null
        },
        "virtualMachines_Workload_Srv_name": {
            "value": null
        },
        "virtualMachines_azsc_prdadc01_name": {
            "value": null
        },
        "networkInterfaces_jump_srv800_name": {
            "value": null
        },
        "publicIPAddresses_Jump_Srv_ip_name": {
            "value": null
        },
        "vpnSites_vpn_nwl_prod_vpnsite_name": {
            "value": null
        },
        "availabilitySets_NWL_AS_AADC01_name": {
            "value": null
        },
        "availabilitySets_NWL_AS_ADDS01_name": {
            "value": null
        },
        "virtualMachines_NWLHubJumpBox2_name": {
            "value": null
        },
        "virtualMachines_NWLHubJumpTest_name": {
            "value": null
        },
        "virtualMachines_NWLProdJumpBox_name": {
            "value": null
        },
        "publicIPAddresses_NWL_GWIP_ExR_name": {
            "value": null
        },
        "virtualMachines_NWL_HUB_Jumpbox_name": {
            "value": null
        },
        "virtualMachines_NWLStageJumpBox_name": {
            "value": null
        },
        "virtualNetworks_Production_VNet_name": {
            "value": null
        },
        "firewallPolicies_Azfw_NWL_Policy1_name": {
            "value": null
        },
        "networkInterfaces_azsc_prddc01322_name": {
            "value": null
        },
        "networkInterfaces_azsc_prddc02697_name": {
            "value": null
        },
        "networkInterfaces_workload_srv153_name": {
            "value": null
        },
        "networkInterfaces_azsc_prdadc01578_name": {
            "value": null
        },
        "networkInterfaces_nwlhubjumptest70_name": {
            "value": null
        },
        "localNetworkGateways_NWL_LNG_Austin_name": {
            "value": null
        },
        "networkInterfaces_nwlhubjumpbox2301_name": {
            "value": null
        },
        "networkInterfaces_nwlprodjumpbox153_name": {
            "value": null
        },
        "publicIPAddresses_NWL_HUB_VPN_GW_IP_name": {
            "value": null
        },
        "publicIPAddresses_NWLHubJumpBox2_ip_name": {
            "value": null
        },
        "publicIPAddresses_NWLProdJumpbox_ip_name": {
            "value": null
        },
        "networkInterfaces_nwl_hub_jumpbox827_name": {
            "value": null
        },
        "networkInterfaces_nwlstagejumpbox172_name": {
            "value": null
        },
        "publicIPAddresses_NWLStageJumpBox_ip_name": {
            "value": null
        },
        "routeFilters_NWL_Prod_EXR_RouteFilter_name": {
            "value": null
        },
        "publicIPAddresses_NWL_GWIP_OIPA_VPN_GW_name": {
            "value": null
        },
        "vaults_nwl_backupvault_01_lrs_name": {
            "value": null
        },
        "networkSecurityGroups_NWL_OIPA_Test_nsg_name": {
            "value": null
        },
        "disks_azscprddc01_osdisk_20190927_135528_name": {
            "value": null
        },
        "networkSecurityGroups_NWLHubJumpBox2_nsg_name": {
            "value": null
        },
        "networkSecurityGroups_NWLProdJumpbox_nsg_name": {
            "value": null
        },
        "storageAccounts_nwlrginfrastructurese402_name": {
            "value": null
        },
        "storageAccounts_nwlrginfrastructureservi_name": {
            "value": null
        },
        "localNetworkGateways_Equisoft_OIPA_VPN_GW_name": {
            "value": null
        },
        "networkSecurityGroups_NWL_HUB_Jumpbox_nsg_name": {
            "value": null
        },
        "networkSecurityGroups_NWLStageJumpBox_nsg_name": {
            "value": null
        },
        "azureFirewalls_AzureFirewall_NWL_AZWan_Hub_name": {
            "value": null
        },
        "networkSecurityGroups_NWLProdJumpBoxnsg140_name": {
            "value": null
        },
        "disks_azscprddc01_datadisk_000_20190927_135528_name": {
            "value": null
        },
        "workspaces_log_nwl_prod_analytics_wp_name": {
            "value": null
        },
        "expressRouteCircuits_NWL_USSC_ExpressRouteCircuit_name": {
            "value": null
        },
        "disks_azsc_prdadc01_OsDisk_1_24402bea9c704c1d853fd3891bdcbcb2_name": {
            "value": null
        },
        "disks_NWL_OIPA_Test_OsDisk_1_3d1cd6137f9f4df09b41565990efe9bf_name": {
            "value": null
        },
        "disks_NWL_OIPA_Test_OsDisk_1_55d939bfaba342208cca65511c47891e_name": {
            "value": null
        },
        "disks_azsc_prod_dc01_OsDisk_1_978dde2a9e8e4d4da199b3636d3a637b_name": {
            "value": null
        },
        "disks_azsc_prod_dc01_OsDisk_1_dcbcc7e6ab5944e89c70c77ddb35144c_name": {
            "value": null
        },
        "disks_azsc_prod_dc02_OsDisk_1_409bd3f2972e45a5bd6fdfa081c30edf_name": {
            "value": null
        },
        "disks_NWLProdJumpbox_OsDisk_1_c019b15b6b3843568e82cbf46e8a7bf3_name": {
            "value": null
        },
        "vpnGateways_12cb3a082bd8430caa056c078253669e_southcentralus_gw_name": {
            "value": null
        },
        "disks_nwldscuswww01vm_OsDisk_1_17753052d38e4e0ca84df1739e882701_name": {
            "value": null
        },
        "solutions_NetworkMonitoring_log_nwl_prod_analytics_wp__name": {
            "value": null
        },
        "expressRouteGateways_6d8f3b052fe34cabbe6daba6c26ca46b_southcentralus_er_gw_name": {
            "value": null
        },
        "restorePointCollections_AzureBackup_azsc_prod_dc01_123147389151814_externalid": {
            "value": null
        },
        "virtualNetworks_Development_VNet_externalid": {
            "value": null
        },
        "virtualNetworks_dmz_nwl_vnet_externalid": {
            "value": null
        },
        "networkSecurityGroups_NWL_NSG_Hub_SharedInfrastructure_externalid": {
            "value": null
        },
        "virtualNetworks_HV_NWL_AZWan_Hub_a8b3ed33_7ad5_4ea8_aa97_078ac04dca82_externalid": {
            "value": null
        },
        "networkSecurityGroups_NWL_NSG_Prod_Applications_externalid": {
            "value": null
        },
        "networkSecurityGroups_NWL_NSG_Prod_Databases_externalid": {
            "value": null
        },
        "networkSecurityGroups_NWL_NSG_ProdDMZ_externalid": {
            "value": null
        }
    }
}