{
    "$schema": "https://schema.management.azure.com/schemas/2015-01-01/deploymentTemplate.json#",
    "contentVersion": "1.0.0.0",
    "parameters": {
        "virtualNetworks_NWL_Staging_name": {
            "defaultValue": "NWL_Staging",
            "type": "String"
        },
        "routeTables_NWL_RT_01_externalid": {
            "defaultValue": "/subscriptions/3a4026dd-a251-4319-b27d-1393a0f38291/resourceGroups/NWL-RG-InfrastructureServices/providers/Microsoft.Network/routeTables/NWL_RT-01",
            "type": "String"
        },
        "virtualNetworks_HV_NWL_AZWan_Hub_a8b3ed33_7ad5_4ea8_aa97_078ac04dca82_externalid": {
            "defaultValue": "/subscriptions/e94764bb-2ae1-46a2-badb-8545a8aa9291/resourceGroups/RG_NWL_AZWan_Hub_7eba579e-7a08-4a75-98ed-793d5dbea280/providers/Microsoft.Network/virtualNetworks/HV_NWL_AZWan_Hub_a8b3ed33-7ad5-4ea8-aa97-078ac04dca82",
            "type": "String"
        }
    },
    "variables": {},
    "resources": [
        {
            "type": "Microsoft.Network/virtualNetworks",
            "apiVersion": "2019-09-01",
            "name": "[parameters('virtualNetworks_NWL_Staging_name')]",
            "location": "southcentralus",
            "properties": {
                "addressSpace": {
                    "addressPrefixes": [
                        "10.221.0.0/16"
                    ]
                },
                "subnets": [
                    {
                        "name": "Jump-SN",
                        "properties": {
                            "addressPrefix": "10.221.2.0/24",
                            "routeTable": {
                                "id": "[parameters('routeTables_NWL_RT_01_externalid')]"
                            },
                            "serviceEndpoints": [],
                            "delegations": [],
                            "privateEndpointNetworkPolicies": "Enabled",
                            "privateLinkServiceNetworkPolicies": "Enabled"
                        }
                    },
                    {
                        "name": "Staging_MGMT",
                        "properties": {
                            "addressPrefix": "10.221.0.0/24",
                            "serviceEndpoints": [],
                            "delegations": [],
                            "privateEndpointNetworkPolicies": "Enabled",
                            "privateLinkServiceNetworkPolicies": "Enabled"
                        }
                    },
                    {
                        "name": "Workload-SN",
                        "properties": {
                            "addressPrefix": "10.221.1.0/24",
                            "serviceEndpoints": [],
                            "delegations": [],
                            "privateEndpointNetworkPolicies": "Enabled",
                            "privateLinkServiceNetworkPolicies": "Enabled"
                        }
                    }
                ],
                "virtualNetworkPeerings": [
                    {
                        "name": "RemoteVnetToHubPeering_fd9d3a13-d139-4c00-a902-bcdc5acb0a81",
                        "properties": {
                            "peeringState": "Connected",
                            "remoteVirtualNetwork": {
                                "id": "[parameters('virtualNetworks_HV_NWL_AZWan_Hub_a8b3ed33_7ad5_4ea8_aa97_078ac04dca82_externalid')]"
                            },
                            "allowVirtualNetworkAccess": true,
                            "allowForwardedTraffic": false,
                            "allowGatewayTransit": false,
                            "useRemoteGateways": true,
                            "remoteAddressSpace": {
                                "addressPrefixes": [
                                    "10.213.0.0/16"
                                ]
                            }
                        }
                    }
                ],
                "enableDdosProtection": false,
                "enableVmProtection": false
            }
        },
        {
            "type": "Microsoft.Network/virtualNetworks/subnets",
            "apiVersion": "2019-09-01",
            "name": "[concat(parameters('virtualNetworks_NWL_Staging_name'), '/Jump-SN')]",
            "dependsOn": [
                "[resourceId('Microsoft.Network/virtualNetworks', parameters('virtualNetworks_NWL_Staging_name'))]"
            ],
            "properties": {
                "addressPrefix": "10.221.2.0/24",
                "routeTable": {
                    "id": "[parameters('routeTables_NWL_RT_01_externalid')]"
                },
                "serviceEndpoints": [],
                "delegations": [],
                "privateEndpointNetworkPolicies": "Enabled",
                "privateLinkServiceNetworkPolicies": "Enabled"
            }
        },
        {
            "type": "Microsoft.Network/virtualNetworks/subnets",
            "apiVersion": "2019-09-01",
            "name": "[concat(parameters('virtualNetworks_NWL_Staging_name'), '/Staging_MGMT')]",
            "dependsOn": [
                "[resourceId('Microsoft.Network/virtualNetworks', parameters('virtualNetworks_NWL_Staging_name'))]"
            ],
            "properties": {
                "addressPrefix": "10.221.0.0/24",
                "serviceEndpoints": [],
                "delegations": [],
                "privateEndpointNetworkPolicies": "Enabled",
                "privateLinkServiceNetworkPolicies": "Enabled"
            }
        },
        {
            "type": "Microsoft.Network/virtualNetworks/subnets",
            "apiVersion": "2019-09-01",
            "name": "[concat(parameters('virtualNetworks_NWL_Staging_name'), '/Workload-SN')]",
            "dependsOn": [
                "[resourceId('Microsoft.Network/virtualNetworks', parameters('virtualNetworks_NWL_Staging_name'))]"
            ],
            "properties": {
                "addressPrefix": "10.221.1.0/24",
                "serviceEndpoints": [],
                "delegations": [],
                "privateEndpointNetworkPolicies": "Enabled",
                "privateLinkServiceNetworkPolicies": "Enabled"
            }
        },
        {
            "type": "Microsoft.Network/virtualNetworks/virtualNetworkPeerings",
            "apiVersion": "2019-09-01",
            "name": "[concat(parameters('virtualNetworks_NWL_Staging_name'), '/RemoteVnetToHubPeering_fd9d3a13-d139-4c00-a902-bcdc5acb0a81')]",
            "dependsOn": [
                "[resourceId('Microsoft.Network/virtualNetworks', parameters('virtualNetworks_NWL_Staging_name'))]"
            ],
            "properties": {
                "peeringState": "Connected",
                "remoteVirtualNetwork": {
                    "id": "[parameters('virtualNetworks_HV_NWL_AZWan_Hub_a8b3ed33_7ad5_4ea8_aa97_078ac04dca82_externalid')]"
                },
                "allowVirtualNetworkAccess": true,
                "allowForwardedTraffic": false,
                "allowGatewayTransit": false,
                "useRemoteGateways": true,
                "remoteAddressSpace": {
                    "addressPrefixes": [
                        "10.213.0.0/16"
                    ]
                }
            }
        }
    ]
}