{
    "$schema": "https://schema.management.azure.com/schemas/2015-01-01/deploymentTemplate.json#",
    "contentVersion": "1.0.0.0",
    "parameters": {
        "vulnerabilityAssessments_Default_storageContainerPath": {
            "type": "SecureString"
        },
        "managedInstances_sqlmi_nwl_stag_ods_name": {
            "defaultValue": "sqlmi-nwl-stag-ods",
            "type": "String"
        },
        "virtualNetworks_vnet_nwl_stag_externalid": {
            "defaultValue": "/subscriptions/67544eb9-acac-4a10-abfb-dfa2ecc6f00b/resourceGroups/rg-nwl-stag-infrastructureServices/providers/Microsoft.Network/virtualNetworks/vnet-nwl-stag",
            "type": "String"
        }
    },
    "variables": {},
    "resources": [
        {
            "type": "Microsoft.Sql/managedInstances",
            "apiVersion": "2018-06-01-preview",
            "name": "[parameters('managedInstances_sqlmi_nwl_stag_ods_name')]",
            "location": "southcentralus",
            "sku": {
                "name": "GP_Gen5",
                "tier": "GeneralPurpose",
                "family": "Gen5",
                "capacity": 8
            },
            "identity": {
                "principalId": "63dceee8-7f96-4764-b366-32f1e38a4aed",
                "tenantId": "9b749b48-0cb4-4b3f-bd69-e2c93a23816e",
                "type": "SystemAssigned"
            },
            "properties": {
                "administratorLogin": "localadmin",
                "subnetId": "[concat(parameters('virtualNetworks_vnet_nwl_stag_externalid'), '/subnets/sn-nwl-stag-ods')]",
                "licenseType": "LicenseIncluded",
                "vCores": 8,
                "storageSizeInGB": 256,
                "collation": "SQL_Latin1_General_CP1_CI_AS",
                "publicDataEndpointEnabled": false,
                "proxyOverride": "Proxy",
                "timezoneId": "Central Standard Time"
            }
        },
        {
            "type": "Microsoft.Sql/managedInstances/encryptionProtector",
            "apiVersion": "2017-10-01-preview",
            "name": "[concat(parameters('managedInstances_sqlmi_nwl_stag_ods_name'), '/current')]",
            "dependsOn": [
                "[resourceId('Microsoft.Sql/managedInstances', parameters('managedInstances_sqlmi_nwl_stag_ods_name'))]"
            ],
            "kind": "servicemanaged",
            "properties": {
                "serverKeyName": "ServiceManaged",
                "serverKeyType": "ServiceManaged"
            }
        },
        {
            "type": "Microsoft.Sql/managedInstances/keys",
            "apiVersion": "2017-10-01-preview",
            "name": "[concat(parameters('managedInstances_sqlmi_nwl_stag_ods_name'), '/ServiceManaged')]",
            "dependsOn": [
                "[resourceId('Microsoft.Sql/managedInstances', parameters('managedInstances_sqlmi_nwl_stag_ods_name'))]"
            ],
            "kind": "servicemanaged",
            "properties": {
                "serverKeyType": "ServiceManaged"
            }
        },
        {
            "type": "Microsoft.Sql/managedInstances/securityAlertPolicies",
            "apiVersion": "2017-03-01-preview",
            "name": "[concat(parameters('managedInstances_sqlmi_nwl_stag_ods_name'), '/Default')]",
            "dependsOn": [
                "[resourceId('Microsoft.Sql/managedInstances', parameters('managedInstances_sqlmi_nwl_stag_ods_name'))]"
            ],
            "properties": {
                "state": "Disabled",
                "disabledAlerts": [
                    ""
                ],
                "emailAddresses": [
                    ""
                ],
                "emailAccountAdmins": false,
                "retentionDays": 0
            }
        },
        {
            "type": "Microsoft.Sql/managedInstances/vulnerabilityAssessments",
            "apiVersion": "2018-06-01-preview",
            "name": "[concat(parameters('managedInstances_sqlmi_nwl_stag_ods_name'), '/Default')]",
            "dependsOn": [
                "[resourceId('Microsoft.Sql/managedInstances', parameters('managedInstances_sqlmi_nwl_stag_ods_name'))]"
            ],
            "properties": {
                "recurringScans": {
                    "isEnabled": false,
                    "emailSubscriptionAdmins": true
                },
                "storageContainerPath": "[parameters('vulnerabilityAssessments_Default_storageContainerPath')]"
            }
        }
    ]
}