{
    "$schema": "https://schema.management.azure.com/schemas/2015-01-01/deploymentParameters.json#",
    "contentVersion": "1.0.0.0",
    "parameters": {
        "administratorLogin": {
            "value": "localadmin"
        },
        "administratorLoginPassword": {
            "value": null
        },
        "location": {
            "value": "southcentralus"
        },
        "managedInstanceName": {
            "value": "sqlmi-nwl-stag-ods"
        },
        "virtualNetworkResourceGroupName": {
            "value": "rg-nwl-stag-infrastructureServices"
        },
        "virtualNetworkName": {
            "value": "vnet-nwl-stag"
        },
        "subnetName": {
            "value": "sn-nwl-stag-ods"
        },
        "createNSG": {
            "value": false
        },
        "createRT": {
            "value": true
        },
        "skuName": {
            "value": "GP_Gen5"
        },
        "skuEdition": {
            "value": "GeneralPurpose"
        },
        "storageSizeInGB": {
            "value": 256
        },
        "vCores": {
            "value": 8
        },
        "licenseType": {
            "value": "LicenseIncluded"
        },
        "hardwareFamily": {
            "value": "Gen5"
        },
        "dnsZonePartner": {
            "value": ""
        },
        "collation": {
            "value": "SQL_Latin1_General_CP1_CI_AS"
        },
        "proxyOverride": {
            "value": "Proxy"
        },
        "publicDataEndpointEnabled": {
            "value": false
        },
        "timezoneId": {
            "value": "Central Standard Time"
        },
        "nsgForPublicEndpoint": {
            "value": "allowFromAzureCloudTo3342NSG"
        }
    }
}